"gene","baseMean","log2FoldChange","lfcSE","pvalue","padj"
"Gene_0008",150.357782998077,1.09769358179653,0.10377697897595,3.606036678871e-27,1.8030183394355e-25
"Gene_0005",150.274574734667,1.02868735179824,0.102981346855955,1.63717807515783e-24,4.09294518789457e-23
